{"context-switches": [471.6666666666667, 781.3333333333334, 1101.0, 1344.6666666666667, 2888.6666666666665, 4388.0, 8932.333333333334, 17954.0, 35997.333333333336], "cpu-migrations": [8.0, 5.333333333333333, 7.333333333333333, 4.666666666666667, 12.666666666666666, 13.333333333333334, 22.333333333333332, 26.333333333333332, 57.333333333333336], "page-faults": [49636.333333333336, 49638.333333333336, 49637.333333333336, 49636.0, 49638.0, 49631.0, 49636.666666666664, 49644.333333333336, 49638.666666666664], "cycles": [3456561439.6666665, 3680564689.6666665, 3945974397.6666665, 4192080764.0, 5982052071.0, 8019539670.666667, 13928310185.0, 26062009792.333332, 50038769013.666664], "instructions": [4151551243.3333335, 4329540921.0, 4520792439.0, 4711829715.666667, 6044689511.0, 7587217668.0, 12014712851.333334, 21172267604.0, 39200867085.333336], "branches": [672337005.6666666, 702605450.3333334, 736053280.0, 768872945.6666666, 1008791534.3333334, 1289514000.0, 2092418746.3333333, 3757105758.3333335, 7030900895.0], "branch-misses": [13822479.666666666, 14892332.666666666, 16179419.333333334, 17352817.666666668, 24304544.666666668, 31264361.333333332, 52451960.666666664, 94879558.66666667, 180739388.33333334], "duration": [2, 3, 4, 5, 10, 15, 30, 60, 120]}