{"context-switches": [586.3333333333334, 891.6666666666666, 1187.6666666666667, 1479.3333333333333, 2996.3333333333335, 4491.333333333333, 9041.666666666666, 18078.666666666668, 36205.666666666664], "cpu-migrations": [13.333333333333334, 15.333333333333334, 10.0, 12.333333333333334, 20.666666666666668, 25.666666666666668, 54.333333333333336, 81.66666666666667, 227.33333333333334], "page-faults": [30108.333333333332, 30103.333333333332, 30096.666666666668, 30104.666666666668, 30119.333333333332, 30109.0, 30107.0, 30115.666666666668, 30115.333333333332], "cycles": [2211595432.0, 2424868324.0, 2579976570.3333335, 2709935425.0, 4223909158.0, 5859233751.666667, 10421576680.333334, 19238325858.0, 37835457949.0], "instructions": [2097205094.0, 2242827143.0, 2349539991.3333335, 2428438749.0, 3464086091.3333335, 4611807563.333333, 7768023936.333333, 13876671416.0, 26719961177.333332], "branches": [408691320.3333333, 436744244.3333333, 456815098.0, 470756464.6666667, 669415553.3333334, 889453359.0, 1494320703.6666667, 2663067814.6666665, 5124132703.666667], "branch-misses": [6903784.333333333, 8019827.0, 8980796.666666666, 9778352.0, 15625698.333333334, 21564673.666666668, 38889455.666666664, 73129830.33333333, 143291282.0], "duration": [2, 3, 4, 5, 10, 15, 30, 60, 120]}